chateau,region_x,classification,year,score,price_usd,vintage_score,biodynamic,source,appellation,region_y,regional_vintage_score
Beychevelle,St-Julien,4,2000,91.0,,93,0,IEEE,Saint-Julien,Saint-Julien,93.0
Beychevelle,St-Julien,4,2001,85.0,,91,0,IEEE,Saint-Julien,Saint-Julien,92.0
Beychevelle,St-Julien,4,2002,88.0,,91,0,IEEE,Saint-Julien,Saint-Julien,92.0
Beychevelle,St-Julien,4,2003,89.0,,93,0,IEEE,Saint-Julien,Saint-Julien,93.0
Beychevelle,St-Julien,4,2004,91.0,,92,0,IEEE,Saint-Julien,Saint-Julien,93.0
Beychevelle,St-Julien,4,2005,89.0,,93,0,IEEE,Saint-Julien,Saint-Julien,93.0
Beychevelle,St-Julien,4,2006,88.0,,92,0,IEEE,Saint-Julien,Saint-Julien,94.0
Beychevelle,St-Julien,4,2007,85.0,,91,0,IEEE,Saint-Julien,Saint-Julien,92.0
Beychevelle,St-Julien,4,2008,90.0,,92,0,IEEE,Saint-Julien,Saint-Julien,94.0
Beychevelle,St-Julien,4,2009,92.0,,94,0,IEEE,Saint-Julien,Saint-Julien,94.0
Beychevelle,St-Julien,4,2010,93.0,,94,0,IEEE,Saint-Julien,Saint-Julien,94.0
Beychevelle,St-Julien,4,2011,91.0,,92,0,IEEE,Saint-Julien,Saint-Julien,93.0
Beychevelle,St-Julien,4,2012,90.0,,92,0,IEEE,Saint-Julien,Saint-Julien,92.0
Beychevelle,St-Julien,4,2013,89.0,,91,0,IEEE,Saint-Julien,Saint-Julien,92.0
Beychevelle,St-Julien,4,2014,92.0,,94,0,IEEE,Saint-Julien,Saint-Julien,94.0
Beychevelle,St-Julien,4,2015,93.0,,94,0,IEEE,Saint-Julien,Saint-Julien,95.0
Beychevelle,St-Julien,4,2016,93.0,,96,0,IEEE,Saint-Julien,Saint-Julien,95.0
Beychevelle,St-Julien,4,2017,92.0,125.0,94,0,WineSearcher,Saint-Julien,Saint-Julien,95.0
Beychevelle,St-Julien,4,2018,93.0,139.0,96,0,WineSearcher,Saint-Julien,Saint-Julien,97.0
Beychevelle,St-Julien,4,2019,93.0,157.0,96,0,WineSearcher,Saint-Julien,Saint-Julien,97.0
Beychevelle,St-Julien,4,2020,93.0,118.0,95,0,WineSearcher,Saint-Julien,Saint-Julien,96.0
Beychevelle,St-Julien,4,2021,92.0,96.0,94,0,WineSearcher,Saint-Julien,Saint-Julien,95.0
Beychevelle,St-Julien,4,2022,94.0,110.0,96,0,WineSearcher,Saint-Julien,Saint-Julien,96.0
Beychevelle,St-Julien,4,2023,94.0,104.0,95,0,WineSearcher,Saint-Julien,Saint-Julien,97.0
Beychevelle,St-Julien,4,2024,92.0,88.0,93,0,WineSearcher,Saint-Julien,Saint-Julien,95.0
Calon-Segur,St-Estephe,3,2000,90.0,,93,0,IEEE,Saint-Estephe,Saint-Estephe,94.0
Calon-Segur,St-Estephe,3,2001,90.0,,91,0,IEEE,Saint-Estephe,Saint-Estephe,92.0
Calon-Segur,St-Estephe,3,2002,93.0,,91,0,IEEE,Saint-Estephe,Saint-Estephe,92.0
Calon-Segur,St-Estephe,3,2003,95.0,,93,0,IEEE,Saint-Estephe,Saint-Estephe,95.0
Calon-Segur,St-Estephe,3,2004,90.0,,92,0,IEEE,Saint-Estephe,Saint-Estephe,92.0
Calon-Segur,St-Estephe,3,2005,93.0,,93,0,IEEE,Saint-Estephe,Saint-Estephe,94.0
Calon-Segur,St-Estephe,3,2006,92.0,,92,0,IEEE,Saint-Estephe,Saint-Estephe,92.0
Calon-Segur,St-Estephe,3,2007,88.0,,91,0,IEEE,Saint-Estephe,Saint-Estephe,91.0
Calon-Segur,St-Estephe,3,2008,90.0,,92,0,IEEE,Saint-Estephe,Saint-Estephe,93.0
Calon-Segur,St-Estephe,3,2009,94.0,,94,0,IEEE,Saint-Estephe,Saint-Estephe,94.0
Calon-Segur,St-Estephe,3,2010,89.0,,94,0,IEEE,Saint-Estephe,Saint-Estephe,95.0
Calon-Segur,St-Estephe,3,2011,91.0,,92,0,IEEE,Saint-Estephe,Saint-Estephe,92.0
Calon-Segur,St-Estephe,3,2012,93.0,,92,0,IEEE,Saint-Estephe,Saint-Estephe,93.0
Calon-Segur,St-Estephe,3,2013,90.0,,91,0,IEEE,Saint-Estephe,Saint-Estephe,91.0
Calon-Segur,St-Estephe,3,2014,93.0,,94,0,IEEE,Saint-Estephe,Saint-Estephe,95.0
Calon-Segur,St-Estephe,3,2015,93.0,,94,0,IEEE,Saint-Estephe,Saint-Estephe,94.0
Calon-Segur,St-Estephe,3,2016,96.0,,96,0,IEEE,Saint-Estephe,Saint-Estephe,97.0
Calon-Segur,St-Estephe,3,2017,94.0,125.0,94,0,WineSearcher,Saint-Estephe,Saint-Estephe,95.0
Calon-Segur,St-Estephe,3,2018,96.0,189.0,96,0,WineSearcher,Saint-Estephe,Saint-Estephe,97.0
Calon-Segur,St-Estephe,3,2019,95.0,193.0,96,0,WineSearcher,Saint-Estephe,Saint-Estephe,96.0
Calon-Segur,St-Estephe,3,2020,95.0,163.0,95,0,WineSearcher,Saint-Estephe,Saint-Estephe,96.0
Calon-Segur,St-Estephe,3,2021,93.0,127.0,94,0,WineSearcher,Saint-Estephe,Saint-Estephe,95.0
Calon-Segur,St-Estephe,3,2022,95.0,161.0,96,0,WineSearcher,Saint-Estephe,Saint-Estephe,97.0
Calon-Segur,St-Estephe,3,2023,95.0,134.0,95,0,WineSearcher,Saint-Estephe,Saint-Estephe,97.0
Calon-Segur,St-Estephe,3,2024,94.0,96.0,93,0,WineSearcher,Saint-Estephe,Saint-Estephe,93.0
Clerc-Milon,Pauillac,5,2000,90.0,,93,0,IEEE,Pauillac,Pauillac,92.0
Clerc-Milon,Pauillac,5,2001,91.0,,91,0,IEEE,Pauillac,Pauillac,91.0
Clerc-Milon,Pauillac,5,2002,89.0,,91,0,IEEE,Pauillac,Pauillac,91.0
Clerc-Milon,Pauillac,5,2003,93.0,,93,0,IEEE,Pauillac,Pauillac,92.0
Clerc-Milon,Pauillac,5,2004,90.0,,92,0,IEEE,Pauillac,Pauillac,92.0
Clerc-Milon,Pauillac,5,2005,95.0,,93,0,IEEE,Pauillac,Pauillac,93.0
Clerc-Milon,Pauillac,5,2006,91.0,,92,0,IEEE,Pauillac,Pauillac,92.0
Clerc-Milon,Pauillac,5,2007,88.0,,91,0,IEEE,Pauillac,Pauillac,91.0
Clerc-Milon,Pauillac,5,2008,90.0,,92,0,IEEE,Pauillac,Pauillac,92.0
Clerc-Milon,Pauillac,5,2009,93.0,,94,0,IEEE,Pauillac,Pauillac,94.0
Clerc-Milon,Pauillac,5,2010,94.0,,94,0,IEEE,Pauillac,Pauillac,94.0
Clerc-Milon,Pauillac,5,2011,91.0,,92,0,IEEE,Pauillac,Pauillac,91.0
Clerc-Milon,Pauillac,5,2012,90.0,,92,0,IEEE,Pauillac,Pauillac,92.0
Clerc-Milon,Pauillac,5,2013,89.0,,91,0,IEEE,Pauillac,Pauillac,91.0
Clerc-Milon,Pauillac,5,2014,92.0,,94,0,IEEE,Pauillac,Pauillac,93.0
Clerc-Milon,Pauillac,5,2015,91.0,,94,0,IEEE,Pauillac,Pauillac,95.0
Clerc-Milon,Pauillac,5,2016,94.0,,96,0,IEEE,Pauillac,Pauillac,96.0
Clerc-Milon,Pauillac,5,2017,92.0,108.0,94,0,WineSearcher,Pauillac,Pauillac,93.0
Clerc-Milon,Pauillac,5,2018,94.0,142.0,96,0,WineSearcher,Pauillac,Pauillac,96.0
Clerc-Milon,Pauillac,5,2019,93.0,135.0,96,0,WineSearcher,Pauillac,Pauillac,95.0
Clerc-Milon,Pauillac,5,2020,94.0,115.0,95,0,WineSearcher,Pauillac,Pauillac,95.0
Clerc-Milon,Pauillac,5,2021,92.0,79.0,94,0,WineSearcher,Pauillac,Pauillac,93.0
Clerc-Milon,Pauillac,5,2022,94.0,95.0,96,0,WineSearcher,Pauillac,Pauillac,96.0
Clerc-Milon,Pauillac,5,2023,93.0,99.0,95,0,WineSearcher,Pauillac,Pauillac,95.0
Clerc-Milon,Pauillac,5,2024,92.0,60.0,93,0,WineSearcher,Pauillac,Pauillac,92.0
Cos d'Estournel,St-Estephe,2,2017,95.0,201.0,94,0,WineSearcher,Saint-Estephe,Saint-Estephe,95.0
Cos d'Estournel,St-Estephe,2,2018,96.0,246.0,96,0,WineSearcher,Saint-Estephe,Saint-Estephe,97.0
Cos d'Estournel,St-Estephe,2,2019,97.0,236.0,96,0,WineSearcher,Saint-Estephe,Saint-Estephe,96.0
Cos d'Estournel,St-Estephe,2,2020,96.0,241.0,95,0,WineSearcher,Saint-Estephe,Saint-Estephe,96.0
Cos d'Estournel,St-Estephe,2,2021,94.0,217.0,94,0,WineSearcher,Saint-Estephe,Saint-Estephe,95.0
Cos d'Estournel,St-Estephe,2,2022,96.0,275.0,96,0,WineSearcher,Saint-Estephe,Saint-Estephe,97.0
Cos d'Estournel,St-Estephe,2,2023,96.0,182.0,95,0,WineSearcher,Saint-Estephe,Saint-Estephe,97.0
Cos d'Estournel,St-Estephe,2,2024,94.0,123.0,93,0,WineSearcher,Saint-Estephe,Saint-Estephe,93.0
Ducru-Beaucaillou,St-Julien,2,2000,94.0,,93,0,IEEE,Saint-Julien,Saint-Julien,93.0
Ducru-Beaucaillou,St-Julien,2,2001,93.0,,91,0,IEEE,Saint-Julien,Saint-Julien,92.0
Ducru-Beaucaillou,St-Julien,2,2002,90.0,,91,0,IEEE,Saint-Julien,Saint-Julien,92.0
Ducru-Beaucaillou,St-Julien,2,2003,94.0,,93,0,IEEE,Saint-Julien,Saint-Julien,93.0
Ducru-Beaucaillou,St-Julien,2,2004,92.0,,92,0,IEEE,Saint-Julien,Saint-Julien,93.0
Ducru-Beaucaillou,St-Julien,2,2005,96.0,,93,0,IEEE,Saint-Julien,Saint-Julien,93.0
Ducru-Beaucaillou,St-Julien,2,2006,95.0,,92,0,IEEE,Saint-Julien,Saint-Julien,94.0
Ducru-Beaucaillou,St-Julien,2,2007,90.0,,91,0,IEEE,Saint-Julien,Saint-Julien,92.0
Ducru-Beaucaillou,St-Julien,2,2008,92.0,,92,0,IEEE,Saint-Julien,Saint-Julien,94.0
Ducru-Beaucaillou,St-Julien,2,2009,96.0,,94,0,IEEE,Saint-Julien,Saint-Julien,94.0
Ducru-Beaucaillou,St-Julien,2,2010,97.0,,94,0,IEEE,Saint-Julien,Saint-Julien,94.0
Ducru-Beaucaillou,St-Julien,2,2011,94.0,,92,0,IEEE,Saint-Julien,Saint-Julien,93.0
Ducru-Beaucaillou,St-Julien,2,2012,93.0,,92,0,IEEE,Saint-Julien,Saint-Julien,92.0
Ducru-Beaucaillou,St-Julien,2,2013,92.0,,91,0,IEEE,Saint-Julien,Saint-Julien,92.0
Ducru-Beaucaillou,St-Julien,2,2014,95.0,,94,0,IEEE,Saint-Julien,Saint-Julien,94.0
Ducru-Beaucaillou,St-Julien,2,2015,97.0,,94,0,IEEE,Saint-Julien,Saint-Julien,95.0
Ducru-Beaucaillou,St-Julien,2,2016,97.0,,96,0,IEEE,Saint-Julien,Saint-Julien,95.0
Ducru-Beaucaillou,St-Julien,2,2017,95.0,221.0,94,0,WineSearcher,Saint-Julien,Saint-Julien,95.0
Ducru-Beaucaillou,St-Julien,2,2018,96.0,262.0,96,0,WineSearcher,Saint-Julien,Saint-Julien,97.0
Ducru-Beaucaillou,St-Julien,2,2019,96.0,252.0,96,0,WineSearcher,Saint-Julien,Saint-Julien,97.0
Ducru-Beaucaillou,St-Julien,2,2020,96.0,276.0,95,0,WineSearcher,Saint-Julien,Saint-Julien,96.0
Ducru-Beaucaillou,St-Julien,2,2021,94.0,218.0,94,0,WineSearcher,Saint-Julien,Saint-Julien,95.0
Ducru-Beaucaillou,St-Julien,2,2022,96.0,280.0,96,0,WineSearcher,Saint-Julien,Saint-Julien,96.0
Ducru-Beaucaillou,St-Julien,2,2023,95.0,200.0,95,0,WineSearcher,Saint-Julien,Saint-Julien,97.0
Ducru-Beaucaillou,St-Julien,2,2024,95.0,116.0,93,0,WineSearcher,Saint-Julien,Saint-Julien,95.0
Duhart-Milon,Pauillac,4,2000,93.0,,93,0,IEEE,Pauillac,Pauillac,92.0
Duhart-Milon,Pauillac,4,2001,89.0,,91,0,IEEE,Pauillac,Pauillac,91.0
Duhart-Milon,Pauillac,4,2002,88.0,,91,0,IEEE,Pauillac,Pauillac,91.0
Duhart-Milon,Pauillac,4,2003,92.0,,93,0,IEEE,Pauillac,Pauillac,92.0
Duhart-Milon,Pauillac,4,2004,87.0,,92,0,IEEE,Pauillac,Pauillac,92.0
Duhart-Milon,Pauillac,4,2005,93.0,,93,0,IEEE,Pauillac,Pauillac,93.0
Duhart-Milon,Pauillac,4,2006,89.0,,92,0,IEEE,Pauillac,Pauillac,92.0
Duhart-Milon,Pauillac,4,2007,87.0,,91,0,IEEE,Pauillac,Pauillac,91.0
Duhart-Milon,Pauillac,4,2008,89.0,,92,0,IEEE,Pauillac,Pauillac,92.0
Duhart-Milon,Pauillac,4,2009,92.0,,94,0,IEEE,Pauillac,Pauillac,94.0
Duhart-Milon,Pauillac,4,2010,91.0,,94,0,IEEE,Pauillac,Pauillac,94.0
Duhart-Milon,Pauillac,4,2011,89.0,,92,0,IEEE,Pauillac,Pauillac,91.0
Duhart-Milon,Pauillac,4,2012,90.0,,92,0,IEEE,Pauillac,Pauillac,92.0
Duhart-Milon,Pauillac,4,2013,88.0,,91,0,IEEE,Pauillac,Pauillac,91.0
Duhart-Milon,Pauillac,4,2014,90.0,,94,0,IEEE,Pauillac,Pauillac,93.0
Duhart-Milon,Pauillac,4,2015,91.0,,94,0,IEEE,Pauillac,Pauillac,95.0
Duhart-Milon,Pauillac,4,2016,93.0,,96,0,IEEE,Pauillac,Pauillac,96.0
Duhart-Milon,Pauillac,4,2017,91.0,102.0,94,0,WineSearcher,Pauillac,Pauillac,93.0
Duhart-Milon,Pauillac,4,2018,93.0,115.0,96,0,WineSearcher,Pauillac,Pauillac,96.0
Duhart-Milon,Pauillac,4,2019,93.0,112.0,96,0,WineSearcher,Pauillac,Pauillac,95.0
Duhart-Milon,Pauillac,4,2020,92.0,111.0,95,0,WineSearcher,Pauillac,Pauillac,95.0
Duhart-Milon,Pauillac,4,2021,91.0,83.0,94,0,WineSearcher,Pauillac,Pauillac,93.0
Duhart-Milon,Pauillac,4,2022,93.0,95.0,96,0,WineSearcher,Pauillac,Pauillac,96.0
Duhart-Milon,Pauillac,4,2023,93.0,96.0,95,0,WineSearcher,Pauillac,Pauillac,95.0
Duhart-Milon,Pauillac,4,2024,91.0,60.0,93,0,WineSearcher,Pauillac,Pauillac,92.0
Giscours,Margaux,3,2000,91.0,,93,0,IEEE,Margaux,Margaux,92.0
Giscours,Margaux,3,2001,92.0,,91,0,IEEE,Margaux,Margaux,91.0
Giscours,Margaux,3,2002,90.0,,91,0,IEEE,Margaux,Margaux,91.0
Giscours,Margaux,3,2003,91.0,,93,0,IEEE,Margaux,Margaux,91.0
Giscours,Margaux,3,2004,90.0,,92,0,IEEE,Margaux,Margaux,92.0
Giscours,Margaux,3,2005,93.0,,93,0,IEEE,Margaux,Margaux,93.0
Giscours,Margaux,3,2006,91.0,,92,0,IEEE,Margaux,Margaux,90.0
Giscours,Margaux,3,2007,89.0,,91,0,IEEE,Margaux,Margaux,90.0
Giscours,Margaux,3,2008,89.0,,92,0,IEEE,Margaux,Margaux,92.0
Giscours,Margaux,3,2009,93.0,,94,0,IEEE,Margaux,Margaux,93.0
Giscours,Margaux,3,2010,94.0,,94,0,IEEE,Margaux,Margaux,93.0
Giscours,Margaux,3,2011,91.0,,92,0,IEEE,Margaux,Margaux,90.0
Giscours,Margaux,3,2012,90.0,,92,0,IEEE,Margaux,Margaux,91.0
Giscours,Margaux,3,2013,87.0,,91,0,IEEE,Margaux,Margaux,91.0
Giscours,Margaux,3,2014,91.0,,94,0,IEEE,Margaux,Margaux,92.0
Giscours,Margaux,3,2015,93.0,,94,0,IEEE,Margaux,Margaux,93.0
Giscours,Margaux,3,2016,92.0,,96,0,IEEE,Margaux,Margaux,94.0
Giscours,Margaux,3,2017,92.0,91.0,94,0,WineSearcher,Margaux,Margaux,94.0
Giscours,Margaux,3,2018,93.0,96.0,96,0,WineSearcher,Margaux,Margaux,95.0
Giscours,Margaux,3,2019,94.0,87.0,96,0,WineSearcher,Margaux,Margaux,95.0
Giscours,Margaux,3,2020,94.0,79.0,95,0,WineSearcher,Margaux,Margaux,93.0
Giscours,Margaux,3,2021,92.0,79.0,94,0,WineSearcher,Margaux,Margaux,92.0
Giscours,Margaux,3,2022,94.0,100.0,96,0,WineSearcher,Margaux,Margaux,95.0
Giscours,Margaux,3,2023,94.0,79.0,95,0,WineSearcher,Margaux,Margaux,92.0
Giscours,Margaux,3,2024,92.0,59.0,93,0,WineSearcher,Margaux,Margaux,93.0
Grand-Puy-Lacoste,Pauillac,5,2000,92.0,,93,0,IEEE,Pauillac,Pauillac,92.0
Grand-Puy-Lacoste,Pauillac,5,2001,89.0,,91,0,IEEE,Pauillac,Pauillac,91.0
Grand-Puy-Lacoste,Pauillac,5,2002,83.0,,91,0,IEEE,Pauillac,Pauillac,91.0
Grand-Puy-Lacoste,Pauillac,5,2003,92.0,,93,0,IEEE,Pauillac,Pauillac,92.0
Grand-Puy-Lacoste,Pauillac,5,2004,91.0,,92,0,IEEE,Pauillac,Pauillac,92.0
Grand-Puy-Lacoste,Pauillac,5,2005,93.0,,93,0,IEEE,Pauillac,Pauillac,93.0
Grand-Puy-Lacoste,Pauillac,5,2006,91.0,,92,0,IEEE,Pauillac,Pauillac,92.0
Grand-Puy-Lacoste,Pauillac,5,2007,87.0,,91,0,IEEE,Pauillac,Pauillac,91.0
Grand-Puy-Lacoste,Pauillac,5,2008,88.0,,92,0,IEEE,Pauillac,Pauillac,92.0
Grand-Puy-Lacoste,Pauillac,5,2009,93.0,,94,0,IEEE,Pauillac,Pauillac,94.0
Grand-Puy-Lacoste,Pauillac,5,2010,93.0,,94,0,IEEE,Pauillac,Pauillac,94.0
Grand-Puy-Lacoste,Pauillac,5,2011,91.0,,92,0,IEEE,Pauillac,Pauillac,91.0
Grand-Puy-Lacoste,Pauillac,5,2012,93.0,,92,0,IEEE,Pauillac,Pauillac,92.0
Grand-Puy-Lacoste,Pauillac,5,2013,90.0,,91,0,IEEE,Pauillac,Pauillac,91.0
Grand-Puy-Lacoste,Pauillac,5,2014,93.0,,94,0,IEEE,Pauillac,Pauillac,93.0
Grand-Puy-Lacoste,Pauillac,5,2015,92.0,,94,0,IEEE,Pauillac,Pauillac,95.0
Grand-Puy-Lacoste,Pauillac,5,2016,94.0,,96,0,IEEE,Pauillac,Pauillac,96.0
Grand-Puy-Lacoste,Pauillac,5,2017,92.0,121.0,94,0,WineSearcher,Pauillac,Pauillac,93.0
Grand-Puy-Lacoste,Pauillac,5,2018,94.0,100.0,96,0,WineSearcher,Pauillac,Pauillac,96.0
Grand-Puy-Lacoste,Pauillac,5,2019,94.0,98.0,96,0,WineSearcher,Pauillac,Pauillac,95.0
Grand-Puy-Lacoste,Pauillac,5,2020,94.0,88.0,95,0,WineSearcher,Pauillac,Pauillac,95.0
Grand-Puy-Lacoste,Pauillac,5,2021,92.0,76.0,94,0,WineSearcher,Pauillac,Pauillac,93.0
Grand-Puy-Lacoste,Pauillac,5,2022,94.0,100.0,96,0,WineSearcher,Pauillac,Pauillac,96.0
Grand-Puy-Lacoste,Pauillac,5,2023,93.0,78.0,95,0,WineSearcher,Pauillac,Pauillac,95.0
Grand-Puy-Lacoste,Pauillac,5,2024,92.0,56.0,93,0,WineSearcher,Pauillac,Pauillac,92.0
Haut-Brion,Pessac-Leognan,1,2000,94.0,,93,0,IEEE,Pessac-Leognan,Pessac-Leognan,92.0
Haut-Brion,Pessac-Leognan,1,2001,95.0,,91,0,IEEE,Pessac-Leognan,Pessac-Leognan,91.0
Haut-Brion,Pessac-Leognan,1,2002,93.0,,91,0,IEEE,Pessac-Leognan,Pessac-Leognan,92.0
Haut-Brion,Pessac-Leognan,1,2003,96.0,,93,0,IEEE,Pessac-Leognan,Pessac-Leognan,92.0
Haut-Brion,Pessac-Leognan,1,2004,95.0,,92,0,IEEE,Pessac-Leognan,Pessac-Leognan,91.0
Haut-Brion,Pessac-Leognan,1,2005,100.0,,93,0,IEEE,Pessac-Leognan,Pessac-Leognan,92.0
Haut-Brion,Pessac-Leognan,1,2006,94.0,,92,0,IEEE,Pessac-Leognan,Pessac-Leognan,91.0
Haut-Brion,Pessac-Leognan,1,2007,91.0,,91,0,IEEE,Pessac-Leognan,Pessac-Leognan,92.0
Haut-Brion,Pessac-Leognan,1,2008,92.0,,92,0,IEEE,Pessac-Leognan,Pessac-Leognan,92.0
Haut-Brion,Pessac-Leognan,1,2009,98.0,,94,0,IEEE,Pessac-Leognan,Pessac-Leognan,93.0
Haut-Brion,Pessac-Leognan,1,2010,99.0,,94,0,IEEE,Pessac-Leognan,Pessac-Leognan,93.0
Haut-Brion,Pessac-Leognan,1,2011,95.0,,92,0,IEEE,Pessac-Leognan,Pessac-Leognan,91.0
Haut-Brion,Pessac-Leognan,1,2012,95.0,,92,0,IEEE,Pessac-Leognan,Pessac-Leognan,93.0
Haut-Brion,Pessac-Leognan,1,2013,91.0,,91,0,IEEE,Pessac-Leognan,Pessac-Leognan,91.0
Haut-Brion,Pessac-Leognan,1,2014,96.0,,94,0,IEEE,Pessac-Leognan,Pessac-Leognan,93.0
Haut-Brion,Pessac-Leognan,1,2015,98.0,,94,0,IEEE,Pessac-Leognan,Pessac-Leognan,94.0
Haut-Brion,Pessac-Leognan,1,2016,98.0,,96,0,IEEE,Pessac-Leognan,Pessac-Leognan,95.0
Haut-Brion,Pessac-Leognan,1,2017,96.0,,94,0,WineSearcher,Pessac-Leognan,Pessac-Leognan,93.0
Haut-Brion,Pessac-Leognan,1,2018,96.0,,96,0,WineSearcher,Pessac-Leognan,Pessac-Leognan,95.0
Haut-Brion,Pessac-Leognan,1,2019,97.0,701.0,96,0,WineSearcher,Pessac-Leognan,Pessac-Leognan,95.0
Haut-Brion,Pessac-Leognan,1,2020,97.0,660.0,95,0,WineSearcher,Pessac-Leognan,Pessac-Leognan,95.0
Haut-Brion,Pessac-Leognan,1,2021,96.0,573.0,94,0,WineSearcher,Pessac-Leognan,Pessac-Leognan,94.0
Haut-Brion,Pessac-Leognan,1,2022,98.0,740.0,96,0,WineSearcher,Pessac-Leognan,Pessac-Leognan,95.0
Haut-Brion,Pessac-Leognan,1,2023,97.0,481.0,95,0,WineSearcher,Pessac-Leognan,Pessac-Leognan,95.0
Haut-Brion,Pessac-Leognan,1,2024,95.0,321.0,93,0,WineSearcher,Pessac-Leognan,Pessac-Leognan,95.0
Lafite Rothschild,Pauillac,1,2000,98.0,,93,0,IEEE,Pauillac,Pauillac,92.0
Lafite Rothschild,Pauillac,1,2001,96.0,,91,0,IEEE,Pauillac,Pauillac,91.0
Lafite Rothschild,Pauillac,1,2002,95.0,,91,0,IEEE,Pauillac,Pauillac,91.0
Lafite Rothschild,Pauillac,1,2003,96.0,,93,0,IEEE,Pauillac,Pauillac,92.0
Lafite Rothschild,Pauillac,1,2004,93.0,,92,0,IEEE,Pauillac,Pauillac,92.0
Lafite Rothschild,Pauillac,1,2005,98.0,,93,0,IEEE,Pauillac,Pauillac,93.0
Lafite Rothschild,Pauillac,1,2006,95.0,,92,0,IEEE,Pauillac,Pauillac,92.0
Lafite Rothschild,Pauillac,1,2007,91.0,,91,0,IEEE,Pauillac,Pauillac,91.0
Lafite Rothschild,Pauillac,1,2008,92.0,,92,0,IEEE,Pauillac,Pauillac,92.0
Lafite Rothschild,Pauillac,1,2009,98.0,,94,0,IEEE,Pauillac,Pauillac,94.0
Lafite Rothschild,Pauillac,1,2010,97.0,,94,0,IEEE,Pauillac,Pauillac,94.0
Lafite Rothschild,Pauillac,1,2011,94.0,,92,0,IEEE,Pauillac,Pauillac,91.0
Lafite Rothschild,Pauillac,1,2012,94.0,,92,0,IEEE,Pauillac,Pauillac,92.0
Lafite Rothschild,Pauillac,1,2013,92.0,,91,0,IEEE,Pauillac,Pauillac,91.0
Lafite Rothschild,Pauillac,1,2014,95.0,,94,0,IEEE,Pauillac,Pauillac,93.0
Lafite Rothschild,Pauillac,1,2015,95.0,,94,0,IEEE,Pauillac,Pauillac,95.0
Lafite Rothschild,Pauillac,1,2016,98.0,,96,0,IEEE,Pauillac,Pauillac,96.0
Lafite Rothschild,Pauillac,1,2017,95.0,,94,0,WineSearcher,Pauillac,Pauillac,93.0
Lafite Rothschild,Pauillac,1,2018,98.0,,96,0,WineSearcher,Pauillac,Pauillac,96.0
Lafite Rothschild,Pauillac,1,2019,97.0,1078.0,96,0,WineSearcher,Pauillac,Pauillac,95.0
Lafite Rothschild,Pauillac,1,2020,97.0,841.0,95,0,WineSearcher,Pauillac,Pauillac,95.0
Lafite Rothschild,Pauillac,1,2021,96.0,674.0,94,0,WineSearcher,Pauillac,Pauillac,93.0
Lafite Rothschild,Pauillac,1,2022,98.0,840.0,96,0,WineSearcher,Pauillac,Pauillac,96.0
Lafite Rothschild,Pauillac,1,2023,97.0,589.0,95,0,WineSearcher,Pauillac,Pauillac,95.0
Lafite Rothschild,Pauillac,1,2024,95.0,372.0,93,0,WineSearcher,Pauillac,Pauillac,92.0
Lagrange,St-Julien,3,2000,93.0,,93,0,IEEE,Saint-Julien,Saint-Julien,93.0
Lagrange,St-Julien,3,2001,90.0,,91,0,IEEE,Saint-Julien,Saint-Julien,92.0
Lagrange,St-Julien,3,2002,92.0,,91,0,IEEE,Saint-Julien,Saint-Julien,92.0
Lagrange,St-Julien,3,2003,92.0,,93,0,IEEE,Saint-Julien,Saint-Julien,93.0
Lagrange,St-Julien,3,2004,89.0,,92,0,IEEE,Saint-Julien,Saint-Julien,93.0
Lagrange,St-Julien,3,2005,93.0,,93,0,IEEE,Saint-Julien,Saint-Julien,93.0
Lagrange,St-Julien,3,2006,90.0,,92,0,IEEE,Saint-Julien,Saint-Julien,94.0
Lagrange,St-Julien,3,2007,89.0,,91,0,IEEE,Saint-Julien,Saint-Julien,92.0
Lagrange,St-Julien,3,2008,91.0,,92,0,IEEE,Saint-Julien,Saint-Julien,94.0
Lagrange,St-Julien,3,2009,91.0,,94,0,IEEE,Saint-Julien,Saint-Julien,94.0
Lagrange,St-Julien,3,2010,92.0,,94,0,IEEE,Saint-Julien,Saint-Julien,94.0
Lagrange,St-Julien,3,2011,87.0,,92,0,IEEE,Saint-Julien,Saint-Julien,93.0
Lagrange,St-Julien,3,2012,87.0,,92,0,IEEE,Saint-Julien,Saint-Julien,92.0
Lagrange,St-Julien,3,2013,88.0,,91,0,IEEE,Saint-Julien,Saint-Julien,92.0
Lagrange,St-Julien,3,2014,89.0,,94,0,IEEE,Saint-Julien,Saint-Julien,94.0
Lagrange,St-Julien,3,2015,91.0,,94,0,IEEE,Saint-Julien,Saint-Julien,95.0
Lagrange,St-Julien,3,2016,94.0,,96,0,IEEE,Saint-Julien,Saint-Julien,95.0
Lagrange,St-Julien,3,2017,91.0,70.0,94,0,WineSearcher,Saint-Julien,Saint-Julien,95.0
Lagrange,St-Julien,3,2018,92.0,70.0,96,0,WineSearcher,Saint-Julien,Saint-Julien,97.0
Lagrange,St-Julien,3,2019,93.0,70.0,96,0,WineSearcher,Saint-Julien,Saint-Julien,97.0
Lagrange,St-Julien,3,2020,93.0,67.0,95,0,WineSearcher,Saint-Julien,Saint-Julien,96.0
Lagrange,St-Julien,3,2021,91.0,54.0,94,0,WineSearcher,Saint-Julien,Saint-Julien,95.0
Lagrange,St-Julien,3,2022,93.0,66.0,96,0,WineSearcher,Saint-Julien,Saint-Julien,96.0
Lagrange,St-Julien,3,2023,93.0,62.0,95,0,WineSearcher,Saint-Julien,Saint-Julien,97.0
Lagrange,St-Julien,3,2024,92.0,47.0,93,0,WineSearcher,Saint-Julien,Saint-Julien,95.0
Latour,Pauillac,1,2017,96.0,,94,0,WineSearcher,Pauillac,Pauillac,93.0
Latour,Pauillac,1,2018,98.0,,96,0,WineSearcher,Pauillac,Pauillac,96.0
Latour,Pauillac,1,2019,97.0,694.0,96,0,WineSearcher,Pauillac,Pauillac,95.0
Latour,Pauillac,1,2020,96.0,,95,0,WineSearcher,Pauillac,Pauillac,95.0
Latour,Pauillac,1,2021,95.0,,94,0,WineSearcher,Pauillac,Pauillac,93.0
Latour,Pauillac,1,2022,98.0,,96,0,WineSearcher,Pauillac,Pauillac,96.0
Latour,Pauillac,1,2023,96.0,,95,0,WineSearcher,Pauillac,Pauillac,95.0
Latour,Pauillac,1,2024,95.0,,93,0,WineSearcher,Pauillac,Pauillac,92.0
Leoville Barton,St-Julien,2,2000,96.0,,93,0,IEEE,Saint-Julien,Saint-Julien,93.0
Leoville Barton,St-Julien,2,2001,92.0,,91,0,IEEE,Saint-Julien,Saint-Julien,92.0
Leoville Barton,St-Julien,2,2002,89.0,,91,0,IEEE,Saint-Julien,Saint-Julien,92.0
Leoville Barton,St-Julien,2,2003,98.0,,93,0,IEEE,Saint-Julien,Saint-Julien,93.0
Leoville Barton,St-Julien,2,2004,91.0,,92,0,IEEE,Saint-Julien,Saint-Julien,93.0
Leoville Barton,St-Julien,2,2005,96.0,,93,0,IEEE,Saint-Julien,Saint-Julien,93.0
Leoville Barton,St-Julien,2,2006,94.0,,92,0,IEEE,Saint-Julien,Saint-Julien,94.0
Leoville Barton,St-Julien,2,2007,92.0,,91,0,IEEE,Saint-Julien,Saint-Julien,92.0
Leoville Barton,St-Julien,2,2008,91.0,,92,0,IEEE,Saint-Julien,Saint-Julien,94.0
Leoville Barton,St-Julien,2,2009,95.0,,94,0,IEEE,Saint-Julien,Saint-Julien,94.0
Leoville Barton,St-Julien,2,2010,96.0,,94,0,IEEE,Saint-Julien,Saint-Julien,94.0
Leoville Barton,St-Julien,2,2011,92.0,,92,0,IEEE,Saint-Julien,Saint-Julien,93.0
Leoville Barton,St-Julien,2,2012,89.0,,92,0,IEEE,Saint-Julien,Saint-Julien,92.0
Leoville Barton,St-Julien,2,2013,91.0,,91,0,IEEE,Saint-Julien,Saint-Julien,92.0
Leoville Barton,St-Julien,2,2014,94.0,,94,0,IEEE,Saint-Julien,Saint-Julien,94.0
Leoville Barton,St-Julien,2,2015,95.0,,94,0,IEEE,Saint-Julien,Saint-Julien,95.0
Leoville Barton,St-Julien,2,2016,97.0,,96,0,IEEE,Saint-Julien,Saint-Julien,95.0
Leoville Barton,St-Julien,2,2017,95.0,269.0,94,0,WineSearcher,Saint-Julien,Saint-Julien,95.0
Leoville Barton,St-Julien,2,2018,97.0,321.0,96,0,WineSearcher,Saint-Julien,Saint-Julien,97.0
Leoville Barton,St-Julien,2,2019,97.0,262.0,96,0,WineSearcher,Saint-Julien,Saint-Julien,97.0
Leoville Barton,St-Julien,2,2020,96.0,315.0,95,0,WineSearcher,Saint-Julien,Saint-Julien,96.0
Leoville Barton,St-Julien,2,2021,94.0,240.0,94,0,WineSearcher,Saint-Julien,Saint-Julien,95.0
Leoville Barton,St-Julien,2,2022,98.0,351.0,96,0,WineSearcher,Saint-Julien,Saint-Julien,96.0
Leoville Barton,St-Julien,2,2023,96.0,224.0,95,0,WineSearcher,Saint-Julien,Saint-Julien,97.0
Leoville Barton,St-Julien,2,2024,95.0,125.0,93,0,WineSearcher,Saint-Julien,Saint-Julien,95.0
Leoville Las Cases,St-Julien,2,2000,100.0,,93,0,IEEE,Saint-Julien,Saint-Julien,93.0
Leoville Las Cases,St-Julien,2,2001,94.0,,91,0,IEEE,Saint-Julien,Saint-Julien,92.0
Leoville Las Cases,St-Julien,2,2002,94.0,,91,0,IEEE,Saint-Julien,Saint-Julien,92.0
Leoville Las Cases,St-Julien,2,2003,96.0,,93,0,IEEE,Saint-Julien,Saint-Julien,93.0
Leoville Las Cases,St-Julien,2,2004,95.0,,92,0,IEEE,Saint-Julien,Saint-Julien,93.0
Leoville Las Cases,St-Julien,2,2005,98.0,,93,0,IEEE,Saint-Julien,Saint-Julien,93.0
Leoville Las Cases,St-Julien,2,2006,95.0,,92,0,IEEE,Saint-Julien,Saint-Julien,94.0
Leoville Las Cases,St-Julien,2,2007,91.0,,91,0,IEEE,Saint-Julien,Saint-Julien,92.0
Leoville Las Cases,St-Julien,2,2008,94.0,,92,0,IEEE,Saint-Julien,Saint-Julien,94.0
Leoville Las Cases,St-Julien,2,2009,98.0,,94,0,IEEE,Saint-Julien,Saint-Julien,94.0
Leoville Las Cases,St-Julien,2,2010,99.0,,94,0,IEEE,Saint-Julien,Saint-Julien,94.0
Leoville Las Cases,St-Julien,2,2011,95.0,,92,0,IEEE,Saint-Julien,Saint-Julien,93.0
Leoville Las Cases,St-Julien,2,2012,94.0,,92,0,IEEE,Saint-Julien,Saint-Julien,92.0
Leoville Las Cases,St-Julien,2,2013,92.0,,91,0,IEEE,Saint-Julien,Saint-Julien,92.0
Leoville Las Cases,St-Julien,2,2014,95.0,,94,0,IEEE,Saint-Julien,Saint-Julien,94.0
Leoville Las Cases,St-Julien,2,2015,97.0,,94,0,IEEE,Saint-Julien,Saint-Julien,95.0
Leoville Las Cases,St-Julien,2,2016,98.0,,96,0,IEEE,Saint-Julien,Saint-Julien,95.0
Leoville Las Cases,St-Julien,2,2017,94.0,269.0,94,0,WineSearcher,Saint-Julien,Saint-Julien,95.0
Leoville Las Cases,St-Julien,2,2018,96.0,321.0,96,0,WineSearcher,Saint-Julien,Saint-Julien,97.0
Leoville Las Cases,St-Julien,2,2019,97.0,262.0,96,0,WineSearcher,Saint-Julien,Saint-Julien,97.0
Leoville Las Cases,St-Julien,2,2020,97.0,315.0,95,0,WineSearcher,Saint-Julien,Saint-Julien,96.0
Leoville Las Cases,St-Julien,2,2021,94.0,240.0,94,0,WineSearcher,Saint-Julien,Saint-Julien,95.0
Leoville Las Cases,St-Julien,2,2022,98.0,351.0,96,0,WineSearcher,Saint-Julien,Saint-Julien,96.0
Leoville Las Cases,St-Julien,2,2023,97.0,224.0,95,0,WineSearcher,Saint-Julien,Saint-Julien,97.0
Leoville Las Cases,St-Julien,2,2024,95.0,125.0,93,0,WineSearcher,Saint-Julien,Saint-Julien,95.0
Lynch-Bages,Pauillac,5,2000,96.0,,93,0,IEEE,Pauillac,Pauillac,92.0
Lynch-Bages,Pauillac,5,2001,91.0,,91,0,IEEE,Pauillac,Pauillac,91.0
Lynch-Bages,Pauillac,5,2002,91.0,,91,0,IEEE,Pauillac,Pauillac,91.0
Lynch-Bages,Pauillac,5,2003,92.0,,93,0,IEEE,Pauillac,Pauillac,92.0
Lynch-Bages,Pauillac,5,2004,89.0,,92,0,IEEE,Pauillac,Pauillac,92.0
Lynch-Bages,Pauillac,5,2005,96.0,,93,0,IEEE,Pauillac,Pauillac,93.0
Lynch-Bages,Pauillac,5,2006,92.0,,92,0,IEEE,Pauillac,Pauillac,92.0
Lynch-Bages,Pauillac,5,2007,88.0,,91,0,IEEE,Pauillac,Pauillac,91.0
Lynch-Bages,Pauillac,5,2008,91.0,,92,0,IEEE,Pauillac,Pauillac,92.0
Lynch-Bages,Pauillac,5,2009,96.0,,94,0,IEEE,Pauillac,Pauillac,94.0
Lynch-Bages,Pauillac,5,2010,96.0,,94,0,IEEE,Pauillac,Pauillac,94.0
Lynch-Bages,Pauillac,5,2011,92.0,,92,0,IEEE,Pauillac,Pauillac,91.0
Lynch-Bages,Pauillac,5,2012,92.0,,92,0,IEEE,Pauillac,Pauillac,92.0
Lynch-Bages,Pauillac,5,2013,91.0,,91,0,IEEE,Pauillac,Pauillac,91.0
Lynch-Bages,Pauillac,5,2014,94.0,,94,0,IEEE,Pauillac,Pauillac,93.0
Lynch-Bages,Pauillac,5,2015,94.0,,94,0,IEEE,Pauillac,Pauillac,95.0
Lynch-Bages,Pauillac,5,2016,97.0,,96,0,IEEE,Pauillac,Pauillac,96.0
Lynch-Bages,Pauillac,5,2017,93.0,163.0,94,0,WineSearcher,Pauillac,Pauillac,93.0
Lynch-Bages,Pauillac,5,2018,95.0,187.0,96,0,WineSearcher,Pauillac,Pauillac,96.0
Lynch-Bages,Pauillac,5,2019,95.0,182.0,96,0,WineSearcher,Pauillac,Pauillac,95.0
Lynch-Bages,Pauillac,5,2020,95.0,165.0,95,0,WineSearcher,Pauillac,Pauillac,95.0
Lynch-Bages,Pauillac,5,2021,93.0,134.0,94,0,WineSearcher,Pauillac,Pauillac,93.0
Lynch-Bages,Pauillac,5,2022,95.0,166.0,96,0,WineSearcher,Pauillac,Pauillac,96.0
Lynch-Bages,Pauillac,5,2023,95.0,125.0,95,0,WineSearcher,Pauillac,Pauillac,95.0
Lynch-Bages,Pauillac,5,2024,93.0,78.0,93,0,WineSearcher,Pauillac,Pauillac,92.0
Margaux,Margaux,1,2017,96.0,,94,1,WineSearcher,Margaux,Margaux,94.0
Margaux,Margaux,1,2018,97.0,,96,1,WineSearcher,Margaux,Margaux,95.0
Margaux,Margaux,1,2019,97.0,877.0,96,1,WineSearcher,Margaux,Margaux,95.0
Margaux,Margaux,1,2020,97.0,738.0,95,1,WineSearcher,Margaux,Margaux,93.0
Margaux,Margaux,1,2021,95.0,593.0,94,1,WineSearcher,Margaux,Margaux,92.0
Margaux,Margaux,1,2022,98.0,810.0,96,1,WineSearcher,Margaux,Margaux,95.0
Margaux,Margaux,1,2023,97.0,560.0,95,1,WineSearcher,Margaux,Margaux,92.0
Margaux,Margaux,1,2024,95.0,376.0,93,1,WineSearcher,Margaux,Margaux,93.0
Montrose,St-Estephe,2,2000,93.0,,93,0,IEEE,Saint-Estephe,Saint-Estephe,94.0
Montrose,St-Estephe,2,2001,92.0,,91,0,IEEE,Saint-Estephe,Saint-Estephe,92.0
Montrose,St-Estephe,2,2002,92.0,,91,0,IEEE,Saint-Estephe,Saint-Estephe,92.0
Montrose,St-Estephe,2,2003,95.0,,93,0,IEEE,Saint-Estephe,Saint-Estephe,95.0
Montrose,St-Estephe,2,2004,92.0,,92,0,IEEE,Saint-Estephe,Saint-Estephe,92.0
Montrose,St-Estephe,2,2005,95.0,,93,0,IEEE,Saint-Estephe,Saint-Estephe,94.0
Montrose,St-Estephe,2,2006,93.0,,92,0,IEEE,Saint-Estephe,Saint-Estephe,92.0
Montrose,St-Estephe,2,2007,88.0,,91,0,IEEE,Saint-Estephe,Saint-Estephe,91.0
Montrose,St-Estephe,2,2008,91.0,,92,0,IEEE,Saint-Estephe,Saint-Estephe,93.0
Montrose,St-Estephe,2,2009,97.0,,94,0,IEEE,Saint-Estephe,Saint-Estephe,94.0
Montrose,St-Estephe,2,2010,97.0,,94,0,IEEE,Saint-Estephe,Saint-Estephe,95.0
Montrose,St-Estephe,2,2011,93.0,,92,0,IEEE,Saint-Estephe,Saint-Estephe,92.0
Montrose,St-Estephe,2,2012,92.0,,92,0,IEEE,Saint-Estephe,Saint-Estephe,93.0
Montrose,St-Estephe,2,2013,92.0,,91,0,IEEE,Saint-Estephe,Saint-Estephe,91.0
Montrose,St-Estephe,2,2014,95.0,,94,0,IEEE,Saint-Estephe,Saint-Estephe,95.0
Montrose,St-Estephe,2,2015,92.0,,94,0,IEEE,Saint-Estephe,Saint-Estephe,94.0
Montrose,St-Estephe,2,2016,96.0,,96,0,IEEE,Saint-Estephe,Saint-Estephe,97.0
Montrose,St-Estephe,2,2017,94.0,185.0,94,0,WineSearcher,Saint-Estephe,Saint-Estephe,95.0
Montrose,St-Estephe,2,2018,96.0,237.0,96,0,WineSearcher,Saint-Estephe,Saint-Estephe,97.0
Montrose,St-Estephe,2,2019,97.0,209.0,96,0,WineSearcher,Saint-Estephe,Saint-Estephe,96.0
Montrose,St-Estephe,2,2020,97.0,230.0,95,0,WineSearcher,Saint-Estephe,Saint-Estephe,96.0
Montrose,St-Estephe,2,2021,94.0,170.0,94,0,WineSearcher,Saint-Estephe,Saint-Estephe,95.0
Montrose,St-Estephe,2,2022,98.0,233.0,96,0,WineSearcher,Saint-Estephe,Saint-Estephe,97.0
Montrose,St-Estephe,2,2023,97.0,189.0,95,0,WineSearcher,Saint-Estephe,Saint-Estephe,97.0
Montrose,St-Estephe,2,2024,95.0,108.0,93,0,WineSearcher,Saint-Estephe,Saint-Estephe,93.0
Mouton Rothschild,Pauillac,1,2017,95.0,,94,0,WineSearcher,Pauillac,Pauillac,93.0
Mouton Rothschild,Pauillac,1,2018,98.0,,96,0,WineSearcher,Pauillac,Pauillac,96.0
Mouton Rothschild,Pauillac,1,2019,98.0,757.0,96,0,WineSearcher,Pauillac,Pauillac,95.0
Mouton Rothschild,Pauillac,1,2020,97.0,769.0,95,0,WineSearcher,Pauillac,Pauillac,95.0
Mouton Rothschild,Pauillac,1,2021,95.0,593.0,94,0,WineSearcher,Pauillac,Pauillac,93.0
Mouton Rothschild,Pauillac,1,2022,98.0,760.0,96,0,WineSearcher,Pauillac,Pauillac,96.0
Mouton Rothschild,Pauillac,1,2023,97.0,513.0,95,0,WineSearcher,Pauillac,Pauillac,95.0
Mouton Rothschild,Pauillac,1,2024,95.0,321.0,93,0,WineSearcher,Pauillac,Pauillac,92.0
Palmer,Margaux,3,2000,96.0,,93,0,IEEE,Margaux,Margaux,92.0
Palmer,Margaux,3,2001,94.0,,91,0,IEEE,Margaux,Margaux,91.0
Palmer,Margaux,3,2002,91.0,,91,0,IEEE,Margaux,Margaux,91.0
Palmer,Margaux,3,2003,92.0,,93,0,IEEE,Margaux,Margaux,91.0
Palmer,Margaux,3,2004,91.0,,92,0,IEEE,Margaux,Margaux,92.0
Palmer,Margaux,3,2005,94.0,,93,0,IEEE,Margaux,Margaux,93.0
Palmer,Margaux,3,2006,93.0,,92,0,IEEE,Margaux,Margaux,90.0
Palmer,Margaux,3,2007,90.0,,91,0,IEEE,Margaux,Margaux,90.0
Palmer,Margaux,3,2008,91.0,,92,0,IEEE,Margaux,Margaux,92.0
Palmer,Margaux,3,2009,95.0,,94,0,IEEE,Margaux,Margaux,93.0
Palmer,Margaux,3,2010,96.0,,94,0,IEEE,Margaux,Margaux,93.0
Palmer,Margaux,3,2011,93.0,,92,0,IEEE,Margaux,Margaux,90.0
Palmer,Margaux,3,2012,93.0,,92,0,IEEE,Margaux,Margaux,91.0
Palmer,Margaux,3,2013,91.0,,91,0,IEEE,Margaux,Margaux,91.0
Palmer,Margaux,3,2014,94.0,,94,0,IEEE,Margaux,Margaux,92.0
Palmer,Margaux,3,2015,96.0,,94,0,IEEE,Margaux,Margaux,93.0
Palmer,Margaux,3,2016,94.0,,96,0,IEEE,Margaux,Margaux,94.0
Palmer,Margaux,3,2017,95.0,339.0,94,1,WineSearcher,Margaux,Margaux,94.0
Palmer,Margaux,3,2018,97.0,469.0,96,1,WineSearcher,Margaux,Margaux,95.0
Palmer,Margaux,3,2019,97.0,335.0,96,1,WineSearcher,Margaux,Margaux,95.0
Palmer,Margaux,3,2020,96.0,391.0,95,1,WineSearcher,Margaux,Margaux,93.0
Palmer,Margaux,3,2021,94.0,328.0,94,1,WineSearcher,Margaux,Margaux,92.0
Palmer,Margaux,3,2022,97.0,435.0,96,1,WineSearcher,Margaux,Margaux,95.0
Palmer,Margaux,3,2023,96.0,362.0,95,1,WineSearcher,Margaux,Margaux,92.0
Palmer,Margaux,3,2024,95.0,202.0,93,1,WineSearcher,Margaux,Margaux,93.0
Pichon Baron,Pauillac,2,2012,92.0,,92,0,IEEE,Pauillac,Pauillac,92.0
Pichon Baron,Pauillac,2,2013,91.0,,91,0,IEEE,Pauillac,Pauillac,91.0
Pichon Baron,Pauillac,2,2014,93.0,,94,0,IEEE,Pauillac,Pauillac,93.0
Pichon Baron,Pauillac,2,2015,94.0,,94,0,IEEE,Pauillac,Pauillac,95.0
Pichon Baron,Pauillac,2,2016,96.0,,96,0,IEEE,Pauillac,Pauillac,96.0
Pichon Baron,Pauillac,2,2017,94.0,,94,0,WineSearcher,Pauillac,Pauillac,93.0
Pichon Baron,Pauillac,2,2018,96.0,,96,0,WineSearcher,Pauillac,Pauillac,96.0
Pichon Baron,Pauillac,2,2019,97.0,223.0,96,0,WineSearcher,Pauillac,Pauillac,95.0
Pichon Baron,Pauillac,2,2020,96.0,195.0,95,0,WineSearcher,Pauillac,Pauillac,95.0
Pichon Baron,Pauillac,2,2021,94.0,157.0,94,0,WineSearcher,Pauillac,Pauillac,93.0
Pichon Baron,Pauillac,2,2022,97.0,211.0,96,0,WineSearcher,Pauillac,Pauillac,96.0
Pichon Baron,Pauillac,2,2023,96.0,163.0,95,0,WineSearcher,Pauillac,Pauillac,95.0
Pichon Baron,Pauillac,2,2024,93.0,119.0,93,0,WineSearcher,Pauillac,Pauillac,92.0
Pichon Lalande,Pauillac,2,2017,95.0,200.0,94,0,WineSearcher,Pauillac,Pauillac,93.0
Pichon Lalande,Pauillac,2,2018,96.0,291.0,96,0,WineSearcher,Pauillac,Pauillac,96.0
Pichon Lalande,Pauillac,2,2019,96.0,335.0,96,0,WineSearcher,Pauillac,Pauillac,95.0
Pichon Lalande,Pauillac,2,2020,96.0,242.0,95,0,WineSearcher,Pauillac,Pauillac,95.0
Pichon Lalande,Pauillac,2,2021,94.0,193.0,94,0,WineSearcher,Pauillac,Pauillac,93.0
Pichon Lalande,Pauillac,2,2022,97.0,250.0,96,0,WineSearcher,Pauillac,Pauillac,96.0
Pichon Lalande,Pauillac,2,2023,97.0,181.0,95,0,WineSearcher,Pauillac,Pauillac,95.0
Pichon Lalande,Pauillac,2,2024,94.0,127.0,93,0,WineSearcher,Pauillac,Pauillac,92.0
Pontet-Canet,Pauillac,5,2000,92.0,,93,0,IEEE,Pauillac,Pauillac,92.0
Pontet-Canet,Pauillac,5,2001,92.0,,91,0,IEEE,Pauillac,Pauillac,91.0
Pontet-Canet,Pauillac,5,2002,92.0,,91,0,IEEE,Pauillac,Pauillac,91.0
Pontet-Canet,Pauillac,5,2003,93.0,,93,0,IEEE,Pauillac,Pauillac,92.0
Pontet-Canet,Pauillac,5,2004,93.0,,92,0,IEEE,Pauillac,Pauillac,92.0
Pontet-Canet,Pauillac,5,2005,96.0,,93,0,IEEE,Pauillac,Pauillac,93.0
Pontet-Canet,Pauillac,5,2006,93.0,,92,0,IEEE,Pauillac,Pauillac,92.0
Pontet-Canet,Pauillac,5,2007,90.0,,91,0,IEEE,Pauillac,Pauillac,91.0
Pontet-Canet,Pauillac,5,2008,92.0,,92,0,IEEE,Pauillac,Pauillac,92.0
Pontet-Canet,Pauillac,5,2009,96.0,,94,0,IEEE,Pauillac,Pauillac,94.0
Pontet-Canet,Pauillac,5,2010,97.0,,94,1,IEEE,Pauillac,Pauillac,94.0
Pontet-Canet,Pauillac,5,2011,92.0,,92,1,IEEE,Pauillac,Pauillac,91.0
Pontet-Canet,Pauillac,5,2012,92.0,,92,1,IEEE,Pauillac,Pauillac,92.0
Pontet-Canet,Pauillac,5,2013,89.0,,91,1,IEEE,Pauillac,Pauillac,91.0
Pontet-Canet,Pauillac,5,2014,93.0,,94,1,IEEE,Pauillac,Pauillac,93.0
Pontet-Canet,Pauillac,5,2015,94.0,,94,1,IEEE,Pauillac,Pauillac,95.0
Pontet-Canet,Pauillac,5,2016,95.0,,96,1,IEEE,Pauillac,Pauillac,96.0
Pontet-Canet,Pauillac,5,2017,94.0,143.0,94,1,WineSearcher,Pauillac,Pauillac,93.0
Pontet-Canet,Pauillac,5,2018,97.0,169.0,96,1,WineSearcher,Pauillac,Pauillac,96.0
Pontet-Canet,Pauillac,5,2019,96.0,153.0,96,1,WineSearcher,Pauillac,Pauillac,95.0
Pontet-Canet,Pauillac,5,2020,95.0,150.0,95,1,WineSearcher,Pauillac,Pauillac,95.0
Pontet-Canet,Pauillac,5,2021,93.0,103.0,94,1,WineSearcher,Pauillac,Pauillac,93.0
Pontet-Canet,Pauillac,5,2022,96.0,141.0,96,1,WineSearcher,Pauillac,Pauillac,96.0
Pontet-Canet,Pauillac,5,2023,96.0,121.0,95,1,WineSearcher,Pauillac,Pauillac,95.0
Pontet-Canet,Pauillac,5,2024,94.0,82.0,93,1,WineSearcher,Pauillac,Pauillac,92.0
Prieure-Lichine,Margaux,4,2000,91.0,,93,0,IEEE,Margaux,Margaux,92.0
Prieure-Lichine,Margaux,4,2001,88.0,,91,0,IEEE,Margaux,Margaux,91.0
Prieure-Lichine,Margaux,4,2002,88.0,,91,0,IEEE,Margaux,Margaux,91.0
Prieure-Lichine,Margaux,4,2003,92.0,,93,0,IEEE,Margaux,Margaux,91.0
Prieure-Lichine,Margaux,4,2004,88.0,,92,0,IEEE,Margaux,Margaux,92.0
Prieure-Lichine,Margaux,4,2005,92.0,,93,0,IEEE,Margaux,Margaux,93.0
Prieure-Lichine,Margaux,4,2006,89.0,,92,0,IEEE,Margaux,Margaux,90.0
Prieure-Lichine,Margaux,4,2007,87.0,,91,0,IEEE,Margaux,Margaux,90.0
Prieure-Lichine,Margaux,4,2008,90.0,,92,0,IEEE,Margaux,Margaux,92.0
Prieure-Lichine,Margaux,4,2009,91.0,,94,0,IEEE,Margaux,Margaux,93.0
Prieure-Lichine,Margaux,4,2010,92.0,,94,0,IEEE,Margaux,Margaux,93.0
Prieure-Lichine,Margaux,4,2011,90.0,,92,0,IEEE,Margaux,Margaux,90.0
Prieure-Lichine,Margaux,4,2012,90.0,,92,0,IEEE,Margaux,Margaux,91.0
Prieure-Lichine,Margaux,4,2013,88.0,,91,0,IEEE,Margaux,Margaux,91.0
Prieure-Lichine,Margaux,4,2014,89.0,,94,0,IEEE,Margaux,Margaux,92.0
Prieure-Lichine,Margaux,4,2015,92.0,,94,0,IEEE,Margaux,Margaux,93.0
Prieure-Lichine,Margaux,4,2016,92.0,,96,0,IEEE,Margaux,Margaux,94.0
Prieure-Lichine,Margaux,4,2017,90.0,62.0,94,0,WineSearcher,Margaux,Margaux,94.0
Prieure-Lichine,Margaux,4,2018,92.0,59.0,96,0,WineSearcher,Margaux,Margaux,95.0
Prieure-Lichine,Margaux,4,2019,92.0,52.0,96,0,WineSearcher,Margaux,Margaux,95.0
Prieure-Lichine,Margaux,4,2020,92.0,55.0,95,0,WineSearcher,Margaux,Margaux,93.0
Prieure-Lichine,Margaux,4,2021,90.0,44.0,94,0,WineSearcher,Margaux,Margaux,92.0
Prieure-Lichine,Margaux,4,2022,93.0,55.0,96,0,WineSearcher,Margaux,Margaux,95.0
Prieure-Lichine,Margaux,4,2023,92.0,51.0,95,0,WineSearcher,Margaux,Margaux,92.0
Prieure-Lichine,Margaux,4,2024,91.0,36.0,93,0,WineSearcher,Margaux,Margaux,93.0
Talbot,St-Julien,4,2000,90.0,,93,0,IEEE,Saint-Julien,Saint-Julien,93.0
Talbot,St-Julien,4,2001,90.0,,91,0,IEEE,Saint-Julien,Saint-Julien,92.0
Talbot,St-Julien,4,2002,87.0,,91,0,IEEE,Saint-Julien,Saint-Julien,92.0
Talbot,St-Julien,4,2003,91.0,,93,0,IEEE,Saint-Julien,Saint-Julien,93.0
Talbot,St-Julien,4,2004,89.0,,92,0,IEEE,Saint-Julien,Saint-Julien,93.0
Talbot,St-Julien,4,2005,92.0,,93,0,IEEE,Saint-Julien,Saint-Julien,93.0
Talbot,St-Julien,4,2006,91.0,,92,0,IEEE,Saint-Julien,Saint-Julien,94.0
Talbot,St-Julien,4,2007,87.0,,91,0,IEEE,Saint-Julien,Saint-Julien,92.0
Talbot,St-Julien,4,2008,89.0,,92,0,IEEE,Saint-Julien,Saint-Julien,94.0
Talbot,St-Julien,4,2009,91.0,,94,0,IEEE,Saint-Julien,Saint-Julien,94.0
Talbot,St-Julien,4,2010,91.0,,94,0,IEEE,Saint-Julien,Saint-Julien,94.0
Talbot,St-Julien,4,2011,90.0,,92,0,IEEE,Saint-Julien,Saint-Julien,93.0
Talbot,St-Julien,4,2012,87.0,,92,0,IEEE,Saint-Julien,Saint-Julien,92.0
Talbot,St-Julien,4,2013,87.0,,91,0,IEEE,Saint-Julien,Saint-Julien,92.0
Talbot,St-Julien,4,2014,92.0,,94,0,IEEE,Saint-Julien,Saint-Julien,94.0
Talbot,St-Julien,4,2015,92.0,,94,0,IEEE,Saint-Julien,Saint-Julien,95.0
Talbot,St-Julien,4,2016,95.0,,96,0,IEEE,Saint-Julien,Saint-Julien,95.0
Talbot,St-Julien,4,2017,91.0,80.0,94,0,WineSearcher,Saint-Julien,Saint-Julien,95.0
Talbot,St-Julien,4,2018,93.0,107.0,96,0,WineSearcher,Saint-Julien,Saint-Julien,97.0
Talbot,St-Julien,4,2019,93.0,102.0,96,0,WineSearcher,Saint-Julien,Saint-Julien,97.0
Talbot,St-Julien,4,2020,92.0,83.0,95,0,WineSearcher,Saint-Julien,Saint-Julien,96.0
Talbot,St-Julien,4,2021,91.0,64.0,94,0,WineSearcher,Saint-Julien,Saint-Julien,95.0
Talbot,St-Julien,4,2022,93.0,90.0,96,0,WineSearcher,Saint-Julien,Saint-Julien,96.0
Talbot,St-Julien,4,2023,93.0,72.0,95,0,WineSearcher,Saint-Julien,Saint-Julien,97.0
Talbot,St-Julien,4,2024,91.0,56.0,93,0,WineSearcher,Saint-Julien,Saint-Julien,95.0
d'Armailhac,Pauillac,5,2000,92.0,,93,0,IEEE,Pauillac,Pauillac,92.0
d'Armailhac,Pauillac,5,2001,89.0,,91,0,IEEE,Pauillac,Pauillac,91.0
d'Armailhac,Pauillac,5,2002,87.0,,91,0,IEEE,Pauillac,Pauillac,91.0
d'Armailhac,Pauillac,5,2003,91.0,,93,0,IEEE,Pauillac,Pauillac,92.0
d'Armailhac,Pauillac,5,2004,90.0,,92,0,IEEE,Pauillac,Pauillac,92.0
d'Armailhac,Pauillac,5,2005,90.0,,93,0,IEEE,Pauillac,Pauillac,93.0
d'Armailhac,Pauillac,5,2006,89.0,,92,0,IEEE,Pauillac,Pauillac,92.0
d'Armailhac,Pauillac,5,2007,84.0,,91,0,IEEE,Pauillac,Pauillac,91.0
d'Armailhac,Pauillac,5,2008,89.0,,92,0,IEEE,Pauillac,Pauillac,92.0
d'Armailhac,Pauillac,5,2009,92.0,,94,0,IEEE,Pauillac,Pauillac,94.0
d'Armailhac,Pauillac,5,2010,93.0,,94,0,IEEE,Pauillac,Pauillac,94.0
d'Armailhac,Pauillac,5,2011,90.0,,92,0,IEEE,Pauillac,Pauillac,91.0
d'Armailhac,Pauillac,5,2012,89.0,,92,0,IEEE,Pauillac,Pauillac,92.0
d'Armailhac,Pauillac,5,2013,88.0,,91,0,IEEE,Pauillac,Pauillac,91.0
d'Armailhac,Pauillac,5,2014,91.0,,94,0,IEEE,Pauillac,Pauillac,93.0
d'Armailhac,Pauillac,5,2015,92.0,,94,0,IEEE,Pauillac,Pauillac,95.0
d'Armailhac,Pauillac,5,2016,93.0,,96,0,IEEE,Pauillac,Pauillac,96.0
d'Armailhac,Pauillac,5,2017,91.0,78.0,94,0,WineSearcher,Pauillac,Pauillac,93.0
d'Armailhac,Pauillac,5,2018,92.0,87.0,96,0,WineSearcher,Pauillac,Pauillac,96.0
d'Armailhac,Pauillac,5,2019,93.0,75.0,96,0,WineSearcher,Pauillac,Pauillac,95.0
d'Armailhac,Pauillac,5,2020,92.0,80.0,95,0,WineSearcher,Pauillac,Pauillac,95.0
d'Armailhac,Pauillac,5,2021,91.0,55.0,94,0,WineSearcher,Pauillac,Pauillac,93.0
d'Armailhac,Pauillac,5,2022,93.0,75.0,96,0,WineSearcher,Pauillac,Pauillac,96.0
d'Armailhac,Pauillac,5,2023,92.0,60.0,95,0,WineSearcher,Pauillac,Pauillac,95.0
d'Armailhac,Pauillac,5,2024,91.0,37.0,93,0,WineSearcher,Pauillac,Pauillac,92.0
